A current study is surveying people of different ages in order to understand whether individuals’ levels of subjective well-being change across the life span. What type of developmental study is this?,A researcher applying the single-trait approach in assessing personality would likely ask which of the following questions?,A researcher seeks to understand the reasons that a person uses drugs. Which approach is the researcher MOST likely to adopt?,A study found that women are more accurate than men in judging others. What was the explanation for this finding?,"According to a classic study, individuals who grew up during the Great Depression had different attitudes regarding work and financial security than those who did not grow up during this time. These findings provide evidence for","According to a new theoretical model for personality change, if individuals change ________, the trait change will follow.","According to Dan McAdams, the narrative theme of “agency” organizes the life story around","According to Hans Eysenck's personality taxonomy, a person who is antisocial and lacks empathy would most likely score high on the trait of:","According to research that shows a link between a trait’s observability and the accuracy with which it is judged, which of the following traits would be easiest to judge accurately?","According to the text, ________ describes a context where social norms tend to restrict what people do.","According to the text, individuals high in ________ are usually valued employees.","According to the text, one of the primary reasons personality becomes more stable over the life course?","According to the text, some researchers propose that openness to experience is related to ________, while others claim it is related to ________.","According to the text, which of the following is NOT part of the situationist argument?","Across self-report measures of personality, conducted by different investigators and over differing time intervals of adulthood, the traits of neuroticism, extraversion, openness, agreeableness, and conscientiousness all show:","As a child, Brett always had a lot of energy at his parent’s social gatherings. As an adult, he makes a point to talk to everyone attending a party. This is an example of",Developmental Personality Psychology is the study of personality ________ and ________.,"If the average degree of political orientation changes in a population—for example, if people tend to get increasingly conservative as they get older—then that population is displaying:",Imagine that judgments of students’ extraversion made on their first day of college correlate with the number of parties the students attend over the course of their four years in college. Researchers would say that these judgments have,"In a longitudinal study of middle-aged couples spanning over an 11-year period, Avshalom Caspi and Herbener (1990) found that the people married to spouses who were highly similar to themselves:","In the past few decades, the taxonomy of personality traits that has received the most attention and support from personality researchers has been _____.","Jim is a relatively stable and predictable individual. Basically, with Jim, “what you see is what you get.” He is an open book, and it is easy for others to understand what he is like. Susan, on the other hand, is quite difficult to figure out. She is moody, self-defensive, and unpredictable, and she tries to keep others at a distance. Jim and Susan differ in terms of their ___________________.",People high in the trait of __________ are more liked by others around them AND are also more likely to rate other people more positively.,Personality disorders generally ________ across the life span.,Personality psychologists are currently debating whether young adults in the 21st century are more ________ than previous generations.,Pooja is a strong proponent of the lexical hypothesis. Where would she likely begin her search for the essential traits of personality?,Situationism is the position that,The ability to accurately just someone may depend on all BUT the following:,"The observation “If it looks like a duck, walks like a duck, and quacks like a duck, then it is probably a duck” illustrates the method of","The processes by which people respond to, seek out, and create environments that are compatible with their personalities are called",The trait approach focuses exclusively on,"Though some researchers disagree, after over 60 years of research, most personality psychologists think there are how many essential personality factors?","Using the psychological definition of a strong situation, which of the following is the strongest situation?",What are the essential traits according to Hans Eysenck?,"When compared to personality types, personality traits are ________ at predicting behavior.","When individuals have rank-order personality consistency, they maintain the ways in which they ________ other people the same age.",Which big 5 trait remains the most stable across adulthood?,Which Big Five domain captures a tendency to experience positive emotions?,Which of the following illustrates converging criteria that could be used to establish the accuracy of a personality judgment?,Which of the following is a purpose of using the single-trait approach?,Which of the following is NOT one of Funder’s conclusions regarding the person-situation debate?,Which of the following is true about predicting future behaviors?,Which of the following serves as evidence for the claim that personality remains stable throughout the life span?,Which of the following statements is true about factor analysis?,Which of the following would be arguments against situationism,"With which approach to personality would a researcher correlate a single behavior, such as smoking, with multiple traits, such as the Big Five?"
0,0,0,1,1,1,0,1,1,1,0,1,1,0,0,0,0,0,0,1,0,1,1,0,0,0,1,0,0,1,0,0,1,0,0,1,1,0,0,1,0,0,1,1,0,0
0,0,0,0,0,0,0,0,1,0,1,1,0,1,0,0,0,0,0,1,1,0,0,1,0,0,1,0,1,0,0,1,0,0,1,1,1,0,1,0,1,0,1,1,0,0
1,0,1,1,0,0,1,1,1,0,1,1,1,0,1,0,1,0,1,1,1,1,1,1,0,0,1,1,0,1,1,0,0,1,1,1,1,1,1,1,0,1,0,0,1,0
0,1,0,0,0,1,1,0,1,1,1,0,0,0,0,1,1,0,1,1,1,1,1,1,0,1,0,1,0,0,0,0,1,0,1,0,0,1,0,1,1,0,1,1,1,1
1,1,1,1,0,0,0,0,0,0,0,1,0,1,0,1,0,1,0,0,0,1,0,1,1,0,1,0,0,0,1,1,0,0,0,1,0,0,0,1,1,1,1,0,0,1
0,1,0,1,0,1,0,0,1,0,1,0,1,1,1,1,0,1,0,1,1,0,0,1,0,0,0,1,0,1,0,0,0,0,0,0,1,0,1,1,1,1,0,0,0,0
1,1,1,0,0,1,0,1,1,1,1,0,0,1,1,0,0,1,0,1,1,1,1,1,0,0,0,1,1,1,0,1,0,0,0,0,1,0,1,1,1,1,0,0,1,0
1,0,0,0,0,1,1,0,0,0,0,1,1,1,0,1,0,0,0,1,0,1,0,0,1,0,1,1,1,0,0,1,0,1,0,1,1,0,1,0,1,0,0,0,1,1
0,0,1,1,0,0,0,1,0,0,1,1,0,0,0,0,1,0,0,0,0,0,0,0,0,0,0,1,0,1,1,0,1,0,0,0,1,0,0,0,0,1,0,1,1,0
0,0,1,1,1,1,1,0,1,0,0,1,1,0,1,0,1,0,1,1,1,1,0,1,1,0,0,0,1,0,1,1,0,1,0,1,0,1,0,1,0,1,0,1,1,0
0,1,1,1,1,1,1,1,1,1,1,1,1,1,1,0,0,0,0,1,1,0,0,1,1,0,1,1,0,1,1,1,0,0,1,0,0,0,1,1,0,1,0,1,1,0
0,0,0,0,0,0,0,1,0,0,0,0,1,1,0,0,1,0,1,1,0,0,0,0,1,1,0,0,0,0,1,0,1,0,0,1,1,0,1,1,0,0,1,1,1,0
1,1,0,1,1,0,1,1,0,0,1,0,1,0,1,0,1,1,1,0,1,0,0,1,0,1,0,1,0,0,0,0,1,0,1,1,0,0,1,1,0,0,1,1,1,0
1,1,0,1,1,0,0,0,0,0,0,1,1,0,0,0,0,1,0,1,0,1,1,0,0,1,1,0,0,0,0,0,0,0,1,1,1,1,1,0,1,1,0,0,0,1
0,1,1,1,0,0,1,1,1,1,0,0,1,1,0,0,0,0,0,0,1,0,0,0,0,0,0,1,0,0,0,0,1,1,0,1,1,0,1,1,0,1,0,0,1,0
0,0,0,1,1,0,1,0,0,0,1,0,1,1,0,1,0,0,1,1,1,0,0,0,1,1,1,1,0,1,0,1,1,0,0,1,1,1,0,0,0,0,0,0,1,0
1,1,0,1,0,0,1,1,0,0,1,1,1,0,1,0,1,0,1,1,1,1,0,0,0,1,1,0,0,0,0,0,0,0,0,1,0,1,1,1,1,0,1,0,1,0
0,0,0,1,0,0,0,1,1,0,0,0,1,0,0,1,1,1,0,1,0,1,0,0,0,0,1,1,0,1,0,0,1,0,0,1,1,0,1,1,0,1,1,0,0,1
1,1,1,0,0,0,0,0,1,1,1,1,1,1,0,1,0,1,0,0,1,0,1,1,1,1,1,0,0,1,0,1,0,0,1,0,0,1,0,0,0,1,0,0,0,0
1,1,1,1,1,1,1,1,1,1,1,1,0,1,0,0,1,1,1,1,0,0,1,0,1,1,0,0,1,0,1,1,1,1,0,0,1,0,0,1,1,1,0,0,0,0
1,0,0,0,1,1,0,1,1,1,1,1,0,1,1,1,0,0,0,0,0,0,1,0,0,0,1,1,0,1,1,1,1,1,1,1,1,0,1,1,0,1,0,0,0,1
1,0,1,0,1,0,0,1,1,1,1,1,0,1,0,1,1,1,0,1,0,1,1,0,0,1,0,1,0,1,1,0,0,1,1,1,0,0,1,1,0,1,0,0,1,1
1,1,1,1,1,0,1,1,0,0,0,0,0,1,1,0,1,1,1,1,1,1,0,1,1,1,1,1,1,0,1,1,1,1,1,0,0,0,0,0,0,1,1,0,0,1
0,1,0,1,0,1,0,0,1,1,1,0,1,1,0,0,1,0,1,0,0,0,1,1,1,0,0,0,1,1,1,0,1,0,1,1,0,1,1,1,0,1,1,0,0,1
0,0,0,1,0,0,0,1,1,0,0,0,1,1,1,0,0,0,0,0,1,0,0,0,0,0,0,0,1,1,0,0,0,0,0,1,1,1,0,0,1,0,0,0,1,0
0,0,1,0,1,0,0,1,1,1,1,1,1,1,0,0,0,0,1,1,0,0,1,0,0,1,0,1,1,0,1,1,0,0,0,1,0,0,1,1,1,1,0,0,0,0
0,0,1,1,1,1,1,1,1,0,0,0,1,1,0,1,1,1,1,0,0,1,1,0,1,1,0,1,1,1,1,0,1,0,1,0,1,1,0,1,0,1,0,1,0,0
1,0,0,1,1,0,0,0,0,0,1,1,1,0,0,0,1,0,0,1,0,0,0,0,0,1,1,0,0,0,1,1,1,1,0,1,0,0,1,0,1,0,0,0,1,0
0,0,0,1,1,0,0,0,0,0,1,0,1,1,0,0,0,0,1,0,0,0,1,0,1,0,1,0,0,0,0,1,0,0,0,1,1,1,1,1,0,0,1,0,0,0
0,0,0,1,0,0,0,1,0,0,0,1,1,1,1,0,0,0,1,0,0,0,1,0,0,1,1,0,0,0,0,1,0,1,0,1,0,0,1,0,0,1,0,0,0,0
0,0,1,0,1,1,0,1,1,0,1,1,1,0,1,1,0,1,0,1,0,1,1,0,1,0,1,1,0,0,1,0,1,0,1,0,0,1,0,1,1,1,0,0,0,1
1,1,0,1,1,0,1,1,1,1,1,0,1,1,1,0,1,1,1,1,0,0,1,0,0,0,0,1,0,0,0,1,0,1,0,1,0,0,1,1,1,0,1,0,0,1
1,0,1,1,1,0,1,1,1,0,0,0,1,1,1,1,1,1,0,1,1,1,1,0,0,1,1,1,0,0,0,0,0,1,1,0,0,1,1,0,0,1,1,0,0,0
0,1,0,1,0,0,1,0,0,0,0,0,0,1,1,0,0,0,1,1,1,0,1,0,0,0,1,1,0,0,0,0,0,0,0,1,1,1,0,1,0,1,1,0,1,0